{"cameraMode":{"drawMode":0,"name":"Shaded","section":"Shading Mode"},"sceneLighting":false,"audioPlay":false,"sceneViewState":{"showFog":true,"showMaterialUpdate":false,"showSkybox":false,"showFlares":true,"showImageEffects":true,"showParticleSystems":true},"in2DMode":false,"pivot":{"x":-0.02848649024963379,"y":0.7501763105392456,"z":1.880000114440918},"rotation":{"x":0.011021740734577179,"y":0.958024263381958,"z":-0.2841234803199768,"w":0.037052690982818606},"size":5.099302291870117,"orthographic":false}