{"cameraMode":{"drawMode":0,"name":"Shaded","section":"Shading Mode"},"sceneLighting":false,"audioPlay":false,"sceneViewState":{"showFog":true,"showMaterialUpdate":false,"showSkybox":false,"showFlares":true,"showImageEffects":true,"showParticleSystems":true},"in2DMode":false,"pivot":{"x":10.869999885559082,"y":0.8281939625740051,"z":1.690000057220459},"rotation":{"x":-0.10641414672136307,"y":-0.8602052927017212,"z":0.2004196047782898,"w":-0.45669811964035036},"size":5.112796783447266,"orthographic":false}